year,PM2.5_PM10,PM2.5_CO,PM2.5_NO2,PM2.5_SO2,PM2.5_O3,PM10_CO,PM10_NO2,PM10_SO2,PM10_O3,CO_NO2,CO_SO2,CO_O3,NO2_SO2,NO2_O3,SO2_O3,PM2.5_PM10_CO,PM2.5_PM10_NO2,PM2.5_PM10_SO2,PM2.5_PM10_O3,PM2.5_CO_NO2,PM2.5_CO_SO2,PM2.5_CO_O3,PM2.5_NO2_SO2,PM2.5_NO2_O3,PM2.5_SO2_O3,PM10_CO_NO2,PM10_CO_SO2,PM10_CO_O3,PM10_NO2_SO2,PM10_NO2_O3,PM10_SO2_O3,CO_NO2_SO2,CO_NO2_O3,CO_SO2_O3,NO2_SO2_O3,PM2.5_PM10_CO_NO2,PM2.5_PM10_CO_SO2,PM2.5_PM10_CO_O3,PM2.5_PM10_NO2_SO2,PM2.5_PM10_NO2_O3,PM2.5_PM10_SO2_O3,PM2.5_CO_NO2_SO2,PM2.5_CO_NO2_O3,PM2.5_CO_SO2_O3,PM2.5_NO2_SO2_O3,PM10_CO_NO2_SO2,PM10_CO_NO2_O3,PM10_CO_SO2_O3,PM10_NO2_SO2_O3,CO_NO2_SO2_O3,PM2.5_PM10_CO_NO2_SO2,PM2.5_PM10_CO_NO2_O3,PM2.5_PM10_CO_SO2_O3,PM2.5_PM10_NO2_SO2_O3,PM2.5_CO_NO2_SO2_O3,PM10_CO_NO2_SO2_O3,PM2.5_PM10_CO_NO2_SO2_O3,ONLY_PM2.5,ONLY_PM10,ONLY_CO,ONLY_NO2,ONLY_SO2,ONLY_O3,clean_days
2003,18.87561917386051,0.0009646318654879048,0.8357320242836379,0.04209757195149459,0.934813607146603,0.00020012740395575988,5.237123518813816,0.6731580116591918,16.81359798547811,5.178234761137926e-05,9.371030433568881e-05,0.00020332181957435425,0.15898754276429547,2.9159561976030193,0.19596735200628893,0.0037389991618868666,47.067048542274264,2.204938485819374,35.83660034994881,8.578781467153559e-05,3.991671506041999e-06,1.03527721036674e-06,0.05169796019400568,0.15686219259978473,0.04644326512693158,0.00013269727267519165,2.341390333802636e-05,1.3353073245318035e-05,0.9926827454096376,8.23192223681002,0.28915530506865966,1.877826475767886e-05,2.2415600313744146e-06,0.00014851066988621754,0.07505347975161349,0.04951907448922671,0.007277090610432481,0.0014363785730804868,42.00944272492098,52.17399095033225,2.81047037528111,8.648878361605474e-06,3.1196969508819176e-07,2.775374842969765e-06,0.015957066573421674,5.434666147544986e-05,0.0,0.0,0.833023704438019,9.222748541459061e-06,1.988025142622165,0.0008777317440516598,0.0014501298891217568,26.942198673934836,3.0272614856706012e-06,5.315039249650674e-08,0.06659996605661876,2.278840832829701,9.476432672661929,0.0033683021345680686,6.60567417229214,0.6671776404180463,25.180685833083828,52.24633322008941
2004,21.421928162474227,0.0004475287195644302,0.6812672574887249,0.028079594513643967,0.6602779153333227,0.00013959516884967302,5.84053302826222,0.7887042537968102,17.65810200654751,4.0373026488539994e-05,9.724490612013238e-05,0.00015755671876406025,0.14194484616460398,2.238157507477184,0.1546404197446875,0.004727625291049842,49.14622350828555,2.122744744017679,38.09543905961747,3.951800541135053e-05,2.8879863705426263e-06,3.9619539164266776e-05,0.0394577126839985,0.09584818872972457,0.032835324042136356,0.00013298097008827167,1.6970641558858734e-05,1.613470577357082e-05,1.1588686844804268,8.602002081168633,0.2737811972466071,1.3972723906963175e-05,1.0825177566559462e-06,0.00014517036431995395,0.053165312876805454,0.05433658792856707,0.007361682616254015,0.0012958997176437178,41.14714300253243,52.86588634913725,2.6789378525708516,7.781684237603002e-05,2.3284056119891649e-07,1.6314107517445393e-06,0.010396875370056654,5.917280242324333e-05,0.0,0.0,0.8506372047249695,5.960718366692262e-06,1.978571590780051,0.0009187277815568395,0.0013990183131994713,25.074286860376034,2.1390795163257835e-06,1.2977998493054361e-08,0.06460334893937907,1.4180101848873505,9.828563699660776,0.002853612233004732,5.311741044310196,0.34991216250145385,21.670165344716366,52.44281291799348
2005,21.390363799374065,0.001625500399827363,0.8030850821375837,0.03309326232435559,0.5643366996902914,0.00014653358061146436,6.290019012549522,0.74227413731628,15.41103663771894,0.00020039798216250044,0.00011534704932829006,7.92810753645529e-05,0.20060858537605644,1.9752745226222153,0.13957759803352204,0.004854419975441191,51.31793062784299,1.9815108693866987,35.08210050965096,3.9146368860707306e-05,9.927403761107818e-06,2.798771805108161e-06,0.049887686889144904,0.10759665507190239,0.022617354703154673,5.744807437227708e-06,1.0830723112363233e-05,9.587330593576368e-07,1.3326397100808232,6.503475796754312,0.2776259621827525,1.8521842160195043e-05,8.280933447769169e-06,0.00013963191713111628,0.0571471323917685,0.029990976735409392,0.0048311553271409595,0.00019374074627131558,47.161687846712,47.19493210000455,2.295474728948857,3.0088884407615208e-05,1.2608516322985232e-06,1.3473881079650082e-05,0.008163607445878927,6.7741360425237935e-06,0.0,3.4546271996331e-06,0.7460163108018069,2.3934167348809415e-06,1.7407414837230157,0.001685032181442662,4.391194775749848e-05,24.11948502547168,1.9561798051976487e-06,0.0,0.021270109304465323,1.5891434712551415,10.28210387865255,0.0039155386872382625,6.973227413476565,0.3810109811113733,19.388834684667216,58.76772963716189
2006,23.574204707009514,9.917328544090405e-05,0.7548010956689929,0.02560563455175533,0.4857071937156961,0.00021760020818919687,4.70781199318168,0.6573053878865985,16.395323871310502,3.4602368945168814e-05,0.00012654308997192795,0.00012424542083879585,0.12917182417615536,1.8645552266979404,0.08447318617669279,0.0051287325347387485,49.081750058895224,2.3768959913887135,43.097350335878666,8.559025027981667e-05,3.394815576341987e-06,3.696945862353841e-05,0.031141612905704937,0.08984775044439808,0.008185434590930402,7.500059884652407e-05,3.0186618611149405e-05,0.00021481282238368292,0.8586925552581032,5.977900781342196,0.2664040459772724,1.0410818072191686e-05,6.0184594436327374e-06,0.00043130984756051884,0.0504982280462421,0.04751160753960998,0.0058537229806418884,0.003931228129392064,42.743690346458585,50.94502792492366,2.6795700990876794,1.475941157440526e-06,2.512721909139546e-07,2.4078365201394267e-06,0.0034155285542416505,0.0001770767194779566,6.11202626547457e-07,7.636259976123784e-07,0.7276618239409932,1.822440226712862e-05,2.458250303374385,0.001519504058719338,0.0007419765969231524,27.870145677542766,2.6070433021252643e-06,0.0,0.08199261277113849,1.4529396271363453,10.109747131627046,0.001004479070171982,5.947319332625483,0.31963125375878576,18.497714279878238,50.57787661620125
2007,22.89625972465246,0.00015411850684949807,0.67411310962593,0.018547876022237588,0.5406168084524646,0.0001391084643786324,4.943931744073468,0.5148394318974099,15.902152788259091,6.03027405984168e-05,0.00014760375231046382,9.379025938162857e-05,0.1451784841426977,1.7079942571703541,0.08051101404515286,0.00205982524750105,49.62803906406765,1.9363135908695874,44.60307000695737,2.6257071495416734e-08,3.9085526426034624e-07,9.002424512714308e-09,0.020466856087631095,0.07320759160385366,0.005898451557702004,0.0,2.3106973118009454e-05,7.637806996995365e-06,0.8364484099037464,5.717454650772273,0.2705186539752216,2.5794196835054675e-05,1.25508801748092e-06,8.09332967733871e-05,0.030116770230795824,0.05960695821186997,0.0034686011558589433,0.005141872047410597,42.875552269767304,52.312658664027914,3.1810611347274174,6.255184632250993e-06,9.152464921259548e-08,5.611511279591919e-07,0.0025936855255499487,0.0,9.90266696398574e-08,6.45473837561616e-06,0.6795410584688995,1.66094732259579e-05,2.162877810385418,0.0019484344979950224,0.004251284696429052,28.481598923888583,1.5004040854523849e-09,3.4295486383227886e-05,0.0976065896871197,1.3558027309909448,9.999111470453272,0.0011605873167646052,5.583859740041504,0.2133442468925466,17.668583960027803,49.76169242228934
2008,22.245704899118063,0.0008636240748748602,0.6212191783781166,0.035524297028228076,0.606491341487951,2.138331124740982e-06,5.513975624489502,0.5449460747410818,14.779046156156175,3.5362986487609758e-06,5.5717393637340865e-05,0.0001094589931740668,0.12554885304727478,1.8667333000369033,0.08345146705671934,0.0026736371211253207,51.06822101051484,1.9350011376175082,42.018965319515424,3.2358288289316117e-06,1.700524975351894e-05,1.2520569936462801e-05,0.039526624367544394,0.10632845403996562,0.007636748396609909,0.0002204963848805871,1.107712186899469e-05,3.131447253804786e-08,1.071398833011306,5.719763187820582,0.23364380792831654,6.6192830283997345e-06,2.2859564952774936e-06,5.466835880731626e-05,0.021775633871020075,0.025043498896523467,0.0033080541686752603,0.0003895401090504437,45.313469162701125,56.143541594254124,2.414606524921786,1.571464613534368e-05,1.3569604766487405e-07,4.1976304854573675e-07,0.003099327551972902,7.71103974595839e-05,3.2060055217525186e-08,2.310113374092559e-05,0.5459870043417978,1.5810080718316782e-05,1.60988442637889,0.00215014562787998,0.00016169153336753064,26.1338241609488,4.682259227117632e-07,0.0,0.04583529839725655,1.5056566657043788,9.550103730159492,0.004563714563411203,5.513988478334852,0.2678967008379516,17.435049123318777,49.832370364342864
2009,22.12197461221223,0.00027358466253735734,0.7780876531812132,0.017221809475293087,0.5671245947758806,0.0002020460214350567,5.742623549495855,0.5497682808307465,15.299871576144248,6.824835852462384e-05,0.0001768847319460943,9.524334523938001e-05,0.13169922425850056,2.0570663950485177,0.059454731229863264,0.003890142359035967,52.04004883795843,1.7116450544864275,40.35566700341695,2.835377488126355e-06,8.042262632835842e-05,6.942118386136384e-07,0.03725268010519326,0.09261816501991221,0.00352351552881795,0.0,1.4891844136749342e-06,1.1246676318201742e-06,0.9859319793488855,6.920842881104607,0.2101108552137446,1.1349659717953392e-05,4.1095562715284205e-05,0.000170200442503221,0.026737193334105912,0.053041529657749206,0.0065847726569880725,0.0011928433833435343,42.61502143385349,54.56293346157488,2.502218252058222,6.732447147793098e-06,9.268505977648472e-07,4.652701094247373e-05,0.0013912553502765633,3.926705170386642e-08,0.0,4.319375687425307e-07,0.6849234412811949,1.7644242194859978e-05,2.08598572734837,0.0022251800997403265,0.004264881169425788,27.52892220101729,6.608718890537518e-07,0.0,0.0598686526307514,1.5243254488037508,9.366844378575024,0.0007204733464383217,6.426559718559133,0.1795655802497862,17.57952231136693,50.099529541008906
2010,21.500476114200637,0.000391111780437813,0.8386954053849032,0.031545105278235404,0.5256731121461238,0.0001837585100737914,6.584174349831015,0.6933353428045133,13.384807232605173,3.6374758422659555e-05,0.0002887211968704586,7.197937695086109e-05,0.15841588188007327,1.9599599184307785,0.06970632955464033,0.0038991198747348453,54.799572816894766,1.911921386087792,32.06480819956688,5.194902986044103e-05,0.00011694868784526525,1.0623904642814075e-06,0.036087255433521474,0.10137746789111206,0.008085372206635319,0.0,7.008944023019206e-05,1.5879941676627353e-05,1.1959240029232512,5.941944052281539,0.21053564198857874,6.594350803940686e-05,2.1792051418207395e-06,0.00026108711620445536,0.024920574384200277,0.047467347242696016,0.006422130972614742,0.0001276158336438185,44.63272960503864,53.2799749648619,1.8973766299073354,5.2288994809011086e-05,1.1051842977198304e-05,5.046541089628665e-06,0.0033736205465570257,5.8502301566429506e-06,9.960376563368143e-07,6.082837753032985e-06,0.42090346505173376,6.256324252007218e-05,1.5479179797284717,0.0004327239374650879,0.00041752392568560065,25.72410293557124,1.0556060760533647e-05,0.00016276045573941538,0.05462340364183724,1.7297337563758788,10.399115294899957,0.002052253581793506,8.82739559749109,0.3364897456022078,15.206591862200838,58.83501258075353
2011,21.461603300269573,0.00025459783478044205,0.8738295506452979,0.019044136986028613,0.5675975481879401,0.0002933425475324529,5.923592441925687,0.4304815220476547,13.507439936055226,6.411616193405465e-05,0.00013086232734096733,0.00013707317028561287,0.13371465807581842,1.793006986605709,0.04561007055415975,0.0011100906452057354,61.95197181851449,1.389037641033204,37.51602891847686,5.59969718558322e-07,6.104040773158928e-07,2.099256015109238e-05,0.036361727126484694,0.07985810112193212,0.003698228408522753,0.00011334157944493656,1.9257766546181235e-05,6.165600358113021e-06,0.8078150320307907,5.785852074024707,0.14937620415415456,1.8140052154303895e-05,3.0572121588045076e-06,0.0001910282922935099,0.015809040618840916,0.05411229623687451,0.003267030958143945,0.001376227564597211,39.50829693151287,62.649469447270796,1.4358015043461145,5.883019612721338e-06,1.409195318226241e-07,1.1214228006095138e-06,0.002065071903416055,1.0820394998738224e-05,6.230126670052854e-08,2.4178824933776556e-07,0.3543710579471476,2.01144089633135e-06,1.4920834384874262,0.0011118588144892361,0.0006448114352147525,23.707214484384707,2.640387017308114e-07,0.0,0.06687846882188697,1.4843272563815333,8.64982609309709,0.0007440833119300994,7.204222904014472,0.22446161809681087,15.808440339461129,49.85717235764008
2012,22.301155229482774,0.00011689637049608786,1.318163305463977,0.025357890118761436,0.44288965500996724,5.3445563428498167e-05,6.398709078022247,0.6103155046477583,13.577909851724426,8.00508190095753e-06,0.0001126380808532978,6.881192055121341e-05,0.16570749782720975,1.9758819374095538,0.06536163859630001,0.003232455767397002,62.0905467194715,1.739438872718956,32.680380525788756,1.9547035168127597e-05,1.153677916067822e-05,4.723811395442233e-05,0.039970450145631255,0.0920874922514891,0.004530389989931729,5.491944462060429e-07,1.1645435397007007e-05,1.9173760342644354e-06,1.0193920278075288,6.464719371435529,0.19247125846487426,9.951285099962256e-06,1.3149622069993947e-06,6.258377465117019e-05,0.02046511531919566,0.07893854872860366,0.0033498311123226206,0.00023575077072030465,44.29683256065038,53.19436608056894,1.8338694465295908,3.0490270398383944e-06,7.228965927180484e-07,6.985043763993413e-07,0.0016206920288638594,1.7739793686332476e-08,9.60905491343009e-09,8.995553715111093e-07,0.46702492372197313,1.9912918412908206e-06,1.6806996188493715,0.00040620283919735997,2.0696425967387888e-05,27.27099248889522,2.250736323953433e-06,0.0,0.01734934526224472,1.8247004316335165,9.289516372592573,0.0002661863434214595,9.149325102890998,0.312250323999379,14.477306993884923,49.87170641447426
2013,20.114127209103273,0.00015693107580648196,0.8659581213049088,0.019428866448519516,0.39577757002349,4.189330338921561e-05,5.49821750665643,0.4554063534577448,14.043434568568891,2.6613435578277383e-05,0.00015178359999937918,4.115700397753944e-05,0.084769334054843,1.6259144711808253,0.045390420335680595,0.0030253844040118564,56.61445920143261,1.7294042780937706,33.69228798892865,2.7693978870737225e-06,5.224562898355176e-05,4.810587564797382e-07,0.02860163450083964,0.09234861557211174,0.004620451665772234,3.751375623924564e-07,3.525557522641262e-06,1.6785567007442855e-06,0.9013865341753372,6.061844872541459,0.2141032444331112,2.466345581768444e-05,1.7418151916575232e-06,0.0002238070697233395,0.013605837034549633,0.06146400346556494,0.007360640312448692,0.0003992007981103129,48.23144591646544,59.67025676525839,2.2561130280354496,2.1919802665284708e-06,2.2625208395352093e-05,4.311139712121936e-06,0.003953471791115402,5.590285243495429e-06,0.0,2.353804313050707e-08,0.423552249810664,6.2250768441712914e-06,2.4602943480840684,0.0007147510687540428,0.0006235602762833715,30.27098837912835,3.848470051837906e-06,0.0,0.029342314195229636,1.410838993025152,8.984840547668739,0.0005852631445462109,7.328544254636256,0.19863112671265526,13.334938994430814,47.820225245979714
2014,21.730706060524778,0.000558962487437648,1.013458792766415,0.019704277271643155,0.46698412573136616,0.00010292776381384719,6.076112889985441,0.2939691134444861,12.339513482211407,3.49247186977052e-05,0.00025932986046940253,6.893246669582926e-05,0.0758203257963498,2.542494013001625,0.029887891660304415,0.002533387166837446,63.21134810082126,1.3882616228262683,34.33026769740853,5.980816879216959e-06,3.3762392419562014e-05,4.1961663171807156e-05,0.025395539412730716,0.18405159106252036,0.0039032520386367976,1.3476246703109484e-07,6.185890198612104e-06,1.2853702697802796e-06,0.752069657799308,6.63909063904397,0.11134794101055422,4.308004516722282e-05,3.6254033250213013e-07,0.00018470148232737312,0.008965480336263527,0.03733088130680875,0.004051180212773061,0.000667940646578364,39.81600002003273,63.26694222017039,1.4137625113327912,2.894463422320037e-05,3.0753673862150395e-06,6.062113802262892e-06,0.0006593143838789496,1.6765476265265174e-05,1.2320512067375421e-05,6.961433548281812e-05,0.32987774316765134,8.513472373746992e-06,1.0423101611087637,0.0019242505621909275,0.0027073750330358468,23.554399038467455,1.7116298122373297e-06,3.305195984880026e-05,0.05362678654456062,1.6419182910436803,9.013385952920657,0.0007106413061046535,8.606289756319342,0.15413847025710936,13.90792937653967,50.903959615561575
2015,20.336266045319707,0.00020362016934363303,1.2129829687786269,0.01625087685600257,0.4154632237757288,7.983864429814996e-05,7.684062712714434,0.3404022744518448,16.68092607772974,4.1500641316606265e-05,0.00011042001351234505,8.966787733260962e-05,0.09810685812749015,3.0396697467750284,0.03520255897891124,0.0010295161192758803,64.90587166755095,1.0250132877105869,28.909111085739806,5.373289851885513e-05,3.4059182069904527e-07,0.00018008592812104464,0.02612616168090531,0.1405801033237212,0.0023271324670848777,2.7768763411279514e-05,5.490136811268192e-07,1.0580858907430894e-06,0.6693072089675662,10.007751216977603,0.13115031623133566,1.700853098633761e-05,4.303512003118427e-06,0.00012657888046836734,0.010586777507300185,0.11664006691750564,0.004446254834002827,0.001136231742857765,27.770270007215935,56.73646344769125,0.7512420891694586,5.265012153663279e-07,4.952742467308078e-07,3.4168113355842386e-06,0.0006652157672967459,0.0,6.325276670125127e-07,3.994147151054902e-08,0.37222566729517476,3.621602153147417e-06,0.9303361492760647,0.00031823766840745034,0.00104511217458789,11.61691890595531,4.495231066369062e-07,0.0,0.0066376407635948065,1.7009642942380196,9.464976180195436,0.0006896621264869118,11.179286367398788,0.24246752339889355,22.323016966850247,66.09112050580518
2016,15.592875343874608,7.398156171335075e-05,1.2794270694217074,0.008277672079365694,0.45183271939215097,3.274404066919318e-05,8.925021579745009,0.30682172642662686,17.811257130767352,0.0002767831987213219,4.045953646226759e-05,0.000190495598361347,0.1264091025214113,4.371039762395758,0.02132965984052872,0.0006191318434188203,68.4990967063959,0.46742555635448885,26.992160739585344,1.2878681573071058e-05,6.84568589343346e-06,7.664015772414024e-05,0.01840153121595025,0.15801955096656095,0.002361713189956675,2.8826642467817765e-05,1.2146971167055567e-07,9.649756344628394e-05,0.7043216388455187,12.033838882609146,0.06760626944746352,9.286648670813197e-06,4.3122470677045304e-05,6.731446521743294e-05,0.013844286247112191,0.24882055874407283,0.0014508609884510445,0.0008623626494611414,20.695009311622265,52.056942737734744,0.3366540282059091,1.4800505939858778e-06,1.5167807210862601e-05,1.0317695152016843e-06,0.0004865707902183461,4.62741758744974e-08,4.513033608959967e-05,0.0,0.31268367829155236,2.7243921046110346e-06,0.9802780785575108,0.0003304503972257683,0.000725371566954682,6.770272897932151,1.6644242634858284e-06,0.0,0.007123589794851741,1.286203085205102,9.69519852889647,0.0006673300127622017,15.940238061604589,0.20141246166506477,26.5652138063446,72.04641521305524
2017,13.119835833159069,0.00027226964422566956,0.9730674217525063,0.0027478219906329495,0.4244957934809789,0.00012311986725755533,11.037747867845928,0.07600842432455814,17.30486999320157,0.00019952111921650478,1.3522218040007072e-05,3.26873339915975e-05,0.051577796990031885,5.967028561903277,0.003486204938809555,0.00475298547767281,73.88403661183304,0.19010728367225602,22.236958701120653,0.0001728266191304972,5.997874135956279e-07,0.0,0.006495035978996839,0.13009816340420943,0.00026306042331343895,2.9224695729915177e-05,0.0,1.0528321202395283e-05,0.38322167606597984,14.087778722372152,0.0176925420868362,3.348873061984712e-06,1.08264148269194e-05,2.3673962030745077e-05,0.002026976163999603,0.2637749465310942,0.00013067733267544215,0.000837854774588157,11.719525383481805,59.78150573424597,0.0915104585330927,1.1520526551656717e-08,2.1932202422716477e-06,1.1448523260708863e-07,0.0002682043384187537,0.0,9.387789073781267e-06,0.0,0.11821983089884554,1.075729166760946e-06,0.4120120270639432,0.0028258886787115227,0.0005147392864267505,3.062263614590882,0.0,0.0,0.008752551559920373,1.2113093619242363,7.755105976031302,0.0009773129085947074,17.006680660463076,0.04770659909492281,28.497619336110503,75.11325643236415
2018,11.289599814643516,4.5113849215197417e-05,0.9996555294546926,0.0009132414536433792,0.29424869799867476,7.152942636835864e-05,13.651112921110094,0.04902601290439857,21.350841958559272,0.00016199813367602997,5.738306601821756e-07,1.9783529298105728e-05,0.038539889520583834,7.320897930389203,0.001559249251551594,0.0007432936134588504,69.89668624471199,0.054793948535070504,20.166889761746212,5.6899613687014073e-05,0.0,0.0,0.0019563565660291396,0.12887943400224308,9.365490204833287e-05,2.8449806843507037e-05,0.0,0.0,0.17466214669054378,17.468591799145887,0.0032111936733723663,0.0,2.151864975683158e-09,0.0,0.002388539279610321,0.020858507075186432,0.0,6.649119317195914e-05,5.052908619293582,52.9273912498046,0.008281395693138942,0.0,0.0,0.0,6.165093155332248e-05,0.0,0.0,0.0,0.03555266195388057,0.0,0.07956391205316941,0.00018823582332453472,0.0,0.647341274203806,0.0,0.0,0.00010190443507677687,1.1550481570956208,9.502066867026485,0.0003508178296973141,17.87204377488999,0.021232730740224248,34.72593389322459,80.05533188823921
2019,20.517268651880844,9.250175004373411e-05,0.8489441925788482,0.0009925689669909308,0.5074537560226529,0.0001353373825710183,9.2253834710469,0.01517487950048083,25.52837534284124,0.0,0.0,1.2605947391055658e-05,0.001851821248466554,5.379750519037518,0.001166381079104836,0.0012650542824131636,57.98817715670526,0.03141082580978094,27.597953795843324,0.0,0.0,0.0,0.00035251549764564845,0.11665828128614801,0.00025072297281233957,0.0,0.0,0.0,0.01966077978835189,13.292564240832837,0.0006685426531264858,0.0,0.0,0.0,0.0001346168793406835,0.014138171847997434,0.0,0.0,1.5894789873881772,38.131881617488006,0.00326686671972563,0.0,0.0,0.0,3.906085320248461e-05,0.0,0.0,0.0,0.004385229260625447,0.0,0.010608011947315947,0.0,0.0,0.08169013732148264,0.0,0.0,0.0,2.2581191836429753,9.776371537583458,0.00045645166254619507,11.461396866488585,0.011087453953017468,49.20799720416154,91.37338465784723
2020,22.04856595286485,0.00013378897713625142,0.7973188201716631,0.0011638707418594966,0.44280889778838384,0.00038612491447592397,8.905235906047286,0.00788756510356406,24.7747982819158,0.00010216737287108389,0.0,4.029923376410279e-05,0.0003110830682533981,6.590440310109936,0.0003627408889658072,0.0008262569643325806,47.28044393468738,0.027060016857752035,21.352895843356702,8.389349903022587e-05,0.0,6.131112187687767e-05,0.0002196516497545894,0.14285450387721293,2.8087647318736655e-05,6.021919693540731e-05,0.0,0.0,0.0026670313054081925,12.914034324839552,0.00039939347855895115,0.0,0.0,0.0,5.799184122527541e-05,0.011164911130226003,0.0,0.00043796246417935236,0.7721450847502286,24.98161891995563,0.0025051582470046133,0.0,0.0,0.0,1.082938491919398e-05,0.0,0.0,0.0,0.0005128160228874771,0.0,0.0024534840224557223,0.0,0.0,0.03887634002530125,0.0,0.0,0.0,2.671438415747815,8.840321024620465,0.0030047984231456985,11.744467836457915,0.005060748306247254,58.11071423169881,112.52401916922096
2021,22.242807331031305,6.206304106224057e-05,0.46073893615604644,0.000841927588793407,0.350759191756229,0.00011272330791998829,11.57346383016551,0.01173650592272411,25.73418883305895,0.0,0.0,5.35081154053269e-05,0.0005403173830760657,5.297423447291876,0.00011573261041869146,0.0007948762089312678,47.79479861217086,0.01645663921136775,19.31431384498983,0.0,0.0,0.0,0.0001680607606041298,0.07858714739890245,2.9713217013903e-05,0.0,0.0,0.0,0.008338527574845492,10.458036984368961,0.0005834405242947783,0.0,0.0,0.0,2.797989860469959e-05,0.0021104058476931163,0.0,7.630868505811051e-05,0.42892253604719777,18.359213526622835,0.002261853921352739,0.0,0.0,0.0,1.8466918004332093e-05,0.0,0.0,0.0,0.000933578666713613,0.0,0.0004334320224284375,0.0,0.0,0.02428262872899202,0.0,0.0,0.0,1.897841666084588,13.368883358669848,0.002273305771868366,10.208146541187915,0.006426982496124167,58.81650657386007,118.53668866071581
2022,24.73762276618652,0.0004013108275882387,0.27165745884357967,0.0010002326215826343,0.24811186207010028,6.159674564682973e-05,9.206451453669168,0.01105227247429779,37.20975094446428,0.0,0.0,0.0,0.000348590459633162,2.277071382326384,0.0004158199793056535,0.0008701402158189966,42.38637749414775,0.019769815103240888,22.2340832459002,0.0,0.0,0.0,0.00019604873521205594,0.02439692112712753,4.776648771999217e-05,0.0,0.0,0.0,0.007800194267960845,10.325522954248559,0.0004399013219768149,0.0,0.0,0.0,1.1503830607102429e-05,0.00019747772556875384,0.0,0.0,0.3188567121196282,18.172122790131095,0.0008750179584327079,0.0,0.0,0.0,3.474554450923216e-05,0.0,0.0,0.0,0.0009560227477499342,0.0,2.067770900459133e-05,3.098096211911529e-05,0.0,0.011766772587492579,0.0,0.0,0.0,2.2143310333920283,15.153509576699264,0.001685070081472824,6.848590525901088,0.009912884250096232,59.778721290221355,113.52492674591485
2023,22.039084070238918,0.00032728935641749445,0.339316394312206,0.0006682076137444803,0.4195728961275236,7.899721305698331e-05,10.731572291580825,0.012436158391249128,31.555956335896667,0.0,0.0,0.00010960221717610158,0.0006273244314222957,2.9939841699059153,0.00027445861922972326,0.0009430865694851798,43.13770339780131,0.022865285279281482,21.56908835539715,0.0,2.4891384711125152e-05,0.0,0.0002174146597945792,0.04451661125569463,7.889723351835915e-05,0.0,0.0,4.440710901805715e-05,0.011918317187270345,10.473501640292122,0.0005795335078786915,0.0,0.0,0.0,4.012559088866638e-06,0.0004151861565745435,3.897089762568317e-06,0.00022865954156476502,0.44880569586473174,20.755798776451954,0.004338176956377838,0.0,0.0,0.0,2.1002743923651833e-06,0.0,0.0,0.0,0.001873094829604559,0.0,0.0,0.0,0.0,0.01969079692803799,0.0,0.0,0.0,1.881470376065181,16.178834087920364,0.0039057865742661026,6.878070083221871,0.0069728997173522655,59.957925721301564,115.50617061496581
2024,18.274063412789577,0.0,0.7467193410812939,0.0,0.6227355753475552,0.0,9.590914100519852,0.0003525159737566328,25.338789859621738,0.0,0.0,2.6268957396667485e-05,0.00047680272626049865,4.291029308792068,0.000810386725799622,0.0,43.68226802338929,0.0008291444449100225,18.80516943725202,0.0,0.0,0.0,1.1242264974768089e-08,0.06985862651541384,0.0,0.0,0.0,0.0,0.0022599292395681734,7.029716152026634,0.0003605183584939849,0.0,0.0,0.0,0.0001571893488772074,9.432190049674334e-05,0.0,0.0,0.03955952159398623,17.425471745902776,0.00027714010030861736,0.0,0.0,0.0,0.0,0.0,0.0,0.0,0.0005963557825684262,0.0,0.0001057433390695468,0.0,0.0,0.004482265047702283,0.0,0.0,0.0,2.9640768072808044,10.645925674765408,4.496624933282865e-05,10.68062439792621,0.00014220130174114748,69.85552557551871,124.92653667893813
2025,19.76570330234261,0.0,0.5235398543615866,0.0,0.3983595406397884,0.0,9.698835588377692,9.12113063065372e-05,25.402356636608165,0.0,0.0,3.8575021694673006e-07,3.867409415476315e-05,4.127316875264024,0.0001839438315924727,0.0,42.449496719807456,0.0022985169088109427,16.984768921795578,0.0,0.0,0.0,2.3608756447012986e-07,0.05797481817665281,0.0,0.0,0.0,0.0,0.0017723423706306283,7.70602352863423,3.977162027292488e-05,0.0,5.28716695347734e-05,0.0,0.00030443210381798875,0.0,0.0,0.0,0.0285086519645642,15.713263243034184,0.0012547042247739674,0.0,0.0,0.0,0.0,0.0,0.0,0.0,0.0003578574549027695,0.0,0.0,0.0,0.0,0.002635025302526628,0.0,0.0,0.0,2.3257697583219823,13.850553217279582,1.278807640879925e-07,8.674198142200964,0.0025263645956961275,65.45857956139152,131.82319517459786
